{
  "keyword": {
    "train_acc": 0.907553,
    "test_acc": 0.902455,
    "cv_mean": 0.901581,
    "cv_std": 0.00206,
    "precision": 0.911451,
    "recall": 0.902455,
    "f1": 0.902346,
    "gap": 0.005098,
    "data_source": "10 Kaggle datasets + MITRE ATT&CK + NVD CVEs",
    "total_samples": 227942
  },
  "url": {
    "train_acc": 0.955458,
    "test_acc": 0.939083,
    "cv_mean": 0.935292,
    "cv_std": 0.001654,
    "precision": 0.939095,
    "recall": 0.939083,
    "f1": 0.939083,
    "gap": 0.016375,
    "data_source": "URLhaus + Kaggle",
    "total_samples": 60000
  },
  "ip": {
    "train_acc": 0.999028,
    "test_acc": 0.996667,
    "cv_mean": 0.996111,
    "cv_std": 0.002088,
    "precision": 0.996676,
    "recall": 0.996667,
    "f1": 0.996667,
    "gap": 0.002361,
    "data_source": "synthetic (requires live API calls for real data)",
    "total_samples": 9000
  },
  "domain": {
    "train_acc": 0.967331,
    "test_acc": 0.955063,
    "cv_mean": 0.95684,
    "cv_std": 0.003816,
    "precision": 0.957506,
    "recall": 0.955063,
    "f1": 0.955002,
    "gap": 0.012268,
    "data_source": "Majestic Million (benign) + URLhaus domains (malicious)",
    "total_samples": 8342
  },
  "hash": {
    "train_acc": 0.999722,
    "test_acc": 0.999444,
    "cv_mean": 0.999583,
    "cv_std": 0.000556,
    "precision": 0.999445,
    "recall": 0.999444,
    "f1": 0.999444,
    "gap": 0.000278,
    "data_source": "synthetic API features (MalwareBazaar for reference)",
    "total_samples": 9000
  }
}